slide_id,cohort,platform,status,admitted,C1,C2,C3,C4,C5,C6,C7,failed,forced,min_spots,min_median_umi,overridden
MEL01,mel_gse250636,visium,ingested,True,pass,pass,pass,pass,pass,pass,FAIL,C7,True,1000,1500,
MEL02,mel_gse250636,visium,ingested,True,pass,pass,pass,FAIL,pass,pass,FAIL,C4;C7,True,1000,1500,
MEL03,mel_gse250636,visium,ingested,True,pass,pass,pass,pass,pass,pass,FAIL,C7,True,1000,1500,
MEL04,mel_gse250636,visium,ingested,True,pass,pass,pass,pass,FAIL,pass,FAIL,C5;C7,True,1000,1500,
CSCC01,cscc_gse144239,visium,ingested,True,pass,pass,pass,pass,pass,pass,pass,,False,500,500,min_spots_visium;min_median_umi
CSCC02,cscc_gse144239,visium,ingested,True,pass,pass,pass,pass,pass,pass,pass,,False,500,500,min_spots_visium;min_median_umi
CSCC03,cscc_gse144239,visium,ingested,True,pass,pass,pass,pass,pass,pass,pass,,False,500,500,min_spots_visium;min_median_umi
CSCC04,cscc_gse144239,visium,ingested,True,pass,pass,pass,pass,pass,pass,pass,,False,500,500,min_spots_visium;min_median_umi
CSCC05,cscc_legacy_gse144239,legacy_st,ingested,True,pass,pass,pass,pass,pass,pass,pass,,False,300,300,min_spots_legacy_st;min_median_umi
CSCC06,cscc_legacy_gse144239,legacy_st,ingested,True,pass,pass,pass,pass,pass,pass,pass,,False,300,300,min_spots_legacy_st;min_median_umi
CSCC07,cscc_legacy_gse144239,legacy_st,ingested,True,pass,pass,pass,pass,pass,pass,pass,,False,300,300,min_spots_legacy_st;min_median_umi
CSCC09,cscc_legacy_gse144239,legacy_st,ingested,True,pass,pass,pass,pass,pass,pass,pass,,False,300,300,min_spots_legacy_st;min_median_umi
CSCC10,cscc_legacy_gse144239,legacy_st,ingested,True,pass,pass,pass,pass,pass,pass,pass,,False,300,300,min_spots_legacy_st;min_median_umi
CSCC11,cscc_legacy_gse144239,legacy_st,ingested,True,pass,pass,pass,pass,pass,pass,pass,,False,300,300,min_spots_legacy_st;min_median_umi
CSCC12,cscc_legacy_gse144239,legacy_st,ingested,True,pass,pass,pass,pass,pass,pass,pass,,False,300,300,min_spots_legacy_st;min_median_umi
CSCC13,cscc_legacy_gse144239,legacy_st,rejected,False,pass,pass,pass,pass,FAIL,pass,pass,C5,False,300,300,min_spots_legacy_st;min_median_umi
CSCC14,cscc_legacy_gse144239,legacy_st,ingested,True,pass,pass,pass,pass,pass,pass,pass,,False,300,300,min_spots_legacy_st;min_median_umi
CSCC15,cscc_legacy_gse144239,legacy_st,ingested,True,pass,pass,pass,pass,pass,pass,pass,,False,300,300,min_spots_legacy_st;min_median_umi
CSCC16,cscc_legacy_gse144239,legacy_st,ingested,True,pass,pass,pass,pass,pass,pass,pass,,False,300,300,min_spots_legacy_st;min_median_umi
CSCC08,cscc_legacy_gse144239,legacy_st,ingested,True,pass,pass,pass,pass,pass,pass,pass,,False,300,300,min_spots_legacy_st;min_median_umi
BRCA01,brca_10x_vis,visium,ingested,True,pass,pass,pass,pass,pass,pass,FAIL,C7,True,500,500,min_spots_visium;min_median_umi
BRCA02,brca_10x_vis,visium,ingested,True,pass,pass,pass,pass,pass,pass,FAIL,C7,True,500,500,min_spots_visium;min_median_umi
LN01,ln_10x_vis,visium,ingested,True,pass,pass,pass,pass,pass,pass,FAIL,C7,True,500,500,min_spots_visium;min_median_umi
