slide_id,patient,replicate,cancer_type,platform,source,accession,raw_path,format,coord_source,has_counts,has_coords,has_image,n_spots,n_genes,median_umi,treatment,site,status,notes
MEL01,MEL_PtB,sternum,melanoma,visium,GEO GSE250636,GSM7983359,data\raw\MEL01,visium,file,True,True,True,1667,36601,5514.0,unknown,metastasis,ingested,识别为 spaceranger 标准输出，可直接用 sc.read_visium
MEL02,MEL_PtB,cecal-nodule,melanoma,visium,GEO GSE250636,GSM7983364,D:\sparta\data\raw\MEL02,visium,file,True,True,True,840,36601,3098.5,unknown,metastasis,ingested,识别为 spaceranger 标准输出，可直接用 sc.read_visium
MEL03,MEL_PtB,chest-wall,melanoma,visium,GEO GSE250636,GSM7983365,D:\sparta\data\raw\MEL03,visium,file,True,True,True,1789,36601,3577.0,unknown,metastasis,ingested,识别为 spaceranger 标准输出，可直接用 sc.read_visium
MEL04,MEL_PtB,ribcage,melanoma,visium,GEO GSE250636,GSM7983366,D:\sparta\data\raw\MEL04,visium,file,True,True,True,3263,36601,1488.0,unknown,metastasis,ingested,识别为 spaceranger 标准输出，可直接用 sc.read_visium
CSCC01,CSCC_P4,rep1,cscc,visium,GEO GSE144239,GSM4565823,data\raw\CSCC01,visium,file,True,True,True,744,33538,15713.5,naive,primary,ingested,识别为 spaceranger 标准输出，可直接用 sc.read_visium
CSCC02,CSCC_P4,rep2,cscc,visium,GEO GSE144239,GSM4565824,data\raw\CSCC02,visium,file,True,True,True,696,33538,16685.5,naive,primary,ingested,识别为 spaceranger 标准输出，可直接用 sc.read_visium
CSCC03,CSCC_P6,rep1,cscc,visium,GEO GSE144239,GSM4565825,data\raw\CSCC03,visium,file,True,True,True,3650,33538,982.0,naive,primary,ingested,识别为 spaceranger 标准输出，可直接用 sc.read_visium
CSCC04,CSCC_P6,rep2,cscc,visium,GEO GSE144239,GSM4565826,data\raw\CSCC04,visium,file,True,True,True,3838,33538,635.5,naive,primary,ingested,识别为 spaceranger 标准输出，可直接用 sc.read_visium
CSCC05,CSCC_P2,rep1,cscc,legacy_st,GEO GSE144239,GSM4284316,D:\sparta\data\raw\CSCC05,legacy_st,spot_names,True,True,True,666,17138,5388.5,naive,primary,ingested,计数表 GSM4284316_P2_ST_rep1_stdata.tsv.gz：17139 列，分隔符 TAB | 坐标编码在**行名**中（spots 在行） | 点位文件：GSM4284316_spot_data-selection-P2_ST_rep1.tsv.gz（坐标仍取自 spot 名，此文件用于裁掉组织外的点）
CSCC06,CSCC_P2,rep2,cscc,legacy_st,GEO GSE144239,GSM4284317,D:\sparta\data\raw\CSCC06,legacy_st,spot_names,True,True,True,646,17344,5737.0,naive,primary,ingested,计数表 GSM4284317_P2_ST_rep2_stdata.tsv.gz：17345 列，分隔符 TAB | 坐标编码在**行名**中（spots 在行） | 点位文件：GSM4284317_spot_data-selection-P2_ST_rep2.tsv.gz（坐标仍取自 spot 名，此文件用于裁掉组织外的点）
CSCC07,CSCC_P2,rep3,cscc,legacy_st,GEO GSE144239,GSM4284318,D:\sparta\data\raw\CSCC07,legacy_st,spot_names,True,True,True,638,17883,7219.0,naive,primary,ingested,计数表 GSM4284318_P2_ST_rep3_stdata.tsv.gz：17884 列，分隔符 TAB | 坐标编码在**行名**中（spots 在行） | 点位文件：GSM4284318_spot_data-selection-P2_ST_rep3.tsv.gz（坐标仍取自 spot 名，此文件用于裁掉组织外的点）
CSCC09,CSCC_P5,rep2,cscc,legacy_st,GEO GSE144239,GSM4284320,D:\sparta\data\raw\CSCC09,legacy_st,spot_names,True,True,True,521,17689,2846.0,naive,primary,ingested,计数表 GSM4284320_P5_ST_rep2_stdata.tsv.gz：17690 列，分隔符 TAB | 坐标编码在**行名**中（spots 在行） | 点位文件：GSM4284320_spot_data-selection-P5_ST_rep2.tsv.gz（坐标仍取自 spot 名，此文件用于裁掉组织外的点）
CSCC10,CSCC_P5,rep3,cscc,legacy_st,GEO GSE144239,GSM4284321,D:\sparta\data\raw\CSCC10,legacy_st,spot_names,True,True,True,521,17399,1648.0,naive,primary,ingested,计数表 GSM4284321_P5_ST_rep3_stdata.tsv.gz：17400 列，分隔符 TAB | 坐标编码在**行名**中（spots 在行） | 点位文件：GSM4284321_spot_data-selection-P5_ST_rep3.tsv.gz（坐标仍取自 spot 名，此文件用于裁掉组织外的点）
CSCC11,CSCC_P9,rep1,cscc,legacy_st,GEO GSE144239,GSM4284322,D:\sparta\data\raw\CSCC11,legacy_st,spot_names,True,True,True,1145,17823,602.0,naive,primary,ingested,计数表 GSM4284322_P9_ST_rep1_stdata.tsv.gz：17824 列，分隔符 TAB | 坐标编码在**行名**中（spots 在行） | 点位文件：GSM4284322_spot_data-selection-P9_ST_rep1.tsv.gz（坐标仍取自 spot 名，此文件用于裁掉组织外的点）
CSCC12,CSCC_P9,rep2,cscc,legacy_st,GEO GSE144239,GSM4284323,D:\sparta\data\raw\CSCC12,legacy_st,spot_names,True,True,True,1071,19314,567.0,naive,primary,ingested,计数表 GSM4284323_P9_ST_rep2_stdata.tsv.gz：19315 列，分隔符 TAB | 坐标编码在**行名**中（spots 在行） | 点位文件：GSM4284323_spot_data-selection-P9_ST_rep2.tsv.gz（坐标仍取自 spot 名，此文件用于裁掉组织外的点）
CSCC13,CSCC_P9,rep3,cscc,legacy_st,GEO GSE144239,GSM4284324,D:\sparta\data\raw\CSCC13,legacy_st,spot_names,True,True,True,1182,17976,289.5,naive,primary,rejected,准入 C5 未过：中位 UMI 289.5 < 阈值 300（队列 cscc_legacy_gse144239，2026-08-27 决定剔除；证据见 data/interim/CSCC13.admission.json） | 计数表 GSM4284324_P9_ST_rep3_stdata.tsv.gz：17977 列，分隔符 TAB | 坐标编码在**行名**中（spots 在行） | 点位文件：GSM4284324_spot_data-selection-P9_ST_rep3.tsv.gz（坐标仍取自 spot 名，此文件用于裁掉组织外的点）
CSCC14,CSCC_P10,rep1,cscc,legacy_st,GEO GSE144239,GSM4284325,D:\sparta\data\raw\CSCC14,legacy_st,spot_names,True,True,True,608,15383,675.0,naive,primary,ingested,计数表 GSM4284325_P10_ST_rep1_stdata.tsv.gz：15384 列，分隔符 TAB | 坐标编码在**行名**中（spots 在行） | 点位文件：GSM4284325_spot_data-selection-P10_ST_rep1.tsv.gz（坐标仍取自 spot 名，此文件用于裁掉组织外的点）
CSCC15,CSCC_P10,rep2,cscc,legacy_st,GEO GSE144239,GSM4284326,D:\sparta\data\raw\CSCC15,legacy_st,spot_names,True,True,True,621,16642,1817.0,naive,primary,ingested,计数表 GSM4284326_P10_ST_rep2_stdata.tsv.gz：16643 列，分隔符 TAB | 坐标编码在**行名**中（spots 在行） | 点位文件：GSM4284326_spot_data-selection-P10_ST_rep2.tsv.gz（坐标仍取自 spot 名，此文件用于裁掉组织外的点）
CSCC16,CSCC_P10,rep3,cscc,legacy_st,GEO GSE144239,GSM4284327,D:\sparta\data\raw\CSCC16,legacy_st,spot_names,True,True,True,462,17047,1442.0,naive,primary,ingested,计数表 GSM4284327_P10_ST_rep3_stdata.tsv.gz：17048 列，分隔符 TAB | 坐标编码在**行名**中（spots 在行） | 点位文件：GSM4284327_spot_data-selection-P10_ST_rep3.tsv.gz（坐标仍取自 spot 名，此文件用于裁掉组织外的点）
CSCC08,CSCC_P5,rep1,cscc,legacy_st,GEO GSE144239,GSM4284319,D:\sparta\data\raw\CSCC08,legacy_st,spot_names,True,True,True,590,16959,1955.5,naive,primary,ingested,计数表 GSM4284319_P5_ST_rep1_stdata.tsv.gz：16960 列，分隔符 TAB | 坐标编码在**行名**中（spots 在行） | 点位文件：GSM4284319_spot_data-selection-P5_ST_rep1.tsv.gz（坐标仍取自 spot 名，此文件用于裁掉组织外的点）
